Workbook

Sheet Assumptions
A1: ASSUMPTIONS — edit only the yellow cells
A2: Group-size counts below are pulled from the People tab. Everything else here is an editable working assumption, not a quote.
A4: Group size (from People tab)
A5: Core titleholders traveling | B5: =People!F31
A6: Reserves traveling | B6: =People!F32
A7: Support crew / staff traveling | B7: =People!F33
A8: Total travelers | B8: =SUM(B5:B7)
A9: Rooms needed (titleholders = single, crew = twin-share) | B9: =B5+B6+ROUNDUP(B7/2,0)
A11: Nights per leg
A12: Côte d'Ivoire | B12: 5
A13: Ghana | B13: 4
A14: Nigeria | B14: 4
A15: Benin (unconfirmed 4th leg) | B15: 2
A16: Total nights — 3 confirmed legs | B16: =B12+B13+B14
A17: Total nights — with Benin | B17: =B12+B13+B14+B15
A19: Hotel rate per night, USD per room (researched, Sep 2026)
A20: Côte d'Ivoire — Sofitel Abidjan Hotel Ivoire | B20: 220
A21: Ghana — Kempinski Hotel Gold Coast City, Accra | B21: 320
A22: Nigeria — Eko Hotel & Suites, Lagos | B22: 210
A23: Benin — Golden Tulip Le Diplomate, Cotonou | B23: 220
A24: Source: public rate-tracker averages (momondo/kayak/hotelscombined/tripadvisor), Sep 2026 — not negotiated group rates.
A26: Ground transport
A27: Vehicles per leg (chauffeured SUV + security) | B27: 4
A28: Vehicle day rate, USD | B28: 250
A29: Source: Lagos VIP chauffeur SUV hire benchmarked at ~₦190k-300k/day; used as a blended proxy for all 4 cities.
A31: Per-traveler costs, USD
A32: Per diem / incidentals per day | B32: 75
A33: Intra-region flight, per hop | B33: 350
A34: International flight, avg round trip | B34: 1500
A35: Travelers needing an international flight | B35: 14
A36: Visa cost, avg across countries visited | B36: 150
A37: Travelers needing visas | B37: 14
A38: Travel insurance, per person, full trip | B38: 45
A39: Intra-region hop cost grounded on Abidjan–Accra fares ($220-$460 round trip); intl flight is a rough blend, not origin-specific — 11 of 13 titleholders fly in from outside West Africa.
A41: Flat / placeholder costs
A42: Production & hospitality (styling, ceremony support, fixers/translators) | B42: 45000
A43: Placeholder only — no vendor quotes yet, and assumes zero sponsor in-kind offset.
A44: Contingency | B44: 0.12

Sheet People
A1: PEOPLE — traveling party
A2: Traveling (Y/N) is the only editable column here — it drives every headcount in Assumptions.
A4: Titleholders
A5: # | B5: Name | C5: Nationality | D5: Title | E5: Status | F5: Traveling
A6: 1 | B6: Olivia Yacé | C6: Côte d'Ivoire | D6: Miss Côte d'Ivoire 2021 · host/convener | E6: Core | F6: Y
A7: 2 | B7: Camille Sabina Thomas | C7: Curaçao | D7: Miss Universe Curaçao 2025 | E7: Core | F7: Y
A8: 3 | B8: Nadia Mejia | C8: Ecuador / USA | D8: Miss Universe Ecuador 2025 | E8: Core | F8: Y
A9: 4 | B9: Sheynnis Palacios | C9: Nicaragua | D9: Miss Universe 2023 | E9: Core | F9: Y
A10: 5 | B10: Angélique Angarni-Filopon | C10: Martinique | D10: Miss France 2025 | E10: Core | F10: Y
A11: 6 | B11: Ophély Mézino | C11: Guadeloupe | D11: Miss World 2019 1st runner-up | E11: Core | F11: Y
A12: 7 | B12: Veena Praveenar Singh | C12: Thailand | D12: Miss Universe Thailand 2025 | E12: Core | F12: Y
A13: 8 | B13: Dorcas Dienda | C13: DR Congo | D13: Miss Africa 2019 / Miss Universe DR Congo 2025 | E13: Core | F13: Y
A14: 9 | B14: Bella Zabaneh | C14: Belize | D14: Miss Universe Belize 2025 | E14: Core | F14: Y
A15: 10 | B15: Isabella Menin | C15: Brazil | D15: Miss Grand International 2022 | E15: Core | F15: Y
A16: 11 | B16: Alicia Aylies | C16: French Guiana | D16: Miss France 2017 | E16: Reserve | F16: N
A17: 12 | B17: Sanly Liu (Hendrawati) | C17: Indonesia | D17: Miss Universe Indonesia 2025 | E17: Reserve | F17: N
A18: 13 | B18: Hương Giang | C18: Vietnam | D18: Miss International Queen 2018 | E18: Reserve | F18: N
A20: Crew / staff (roles TBC — the client fills these in)
A21: # | B21: Role | C21: Name | F21: Traveling
A22: 1 | B22: Tour producer / coordinator | C22: TBC | F22: Y
A23: 2 | B23: Content lead (photography) | C23: TBC | F23: Y
A24: 3 | B24: Videographer | C24: TBC | F24: Y
A25: 4 | B25: Security lead | C25: TBC | F25: Y
A26: 5 | B26: Hair & makeup artist | C26: TBC | F26: Y
A27: 6 | B27: Logistics coordinator | C27: TBC | F27: Y
A28: 7 | B28: PR / media liaison | C28: TBC | F28: Y
A30: Totals (feed Assumptions tab)
A31: Core titleholders traveling | F31: =COUNTIFS(E6:E18,"Core",F6:F18,"Y")
A32: Reserves traveling | F32: =COUNTIFS(E6:E18,"Reserve",F6:F18,"Y")
A33: Crew traveling | F33: =COUNTIF(F22:F28,"Y")

Sheet Timetable
A1: TIMETABLE — working itinerary (4-leg scenario, incl. Benin)
A2: Nights link live to the Assumptions tab. Dates are working placeholders, not confirmed bookings.
A4: Leg | B4: Country | C4: Status | D4: Start | E4: Nights | F4: End | G4: Hotel (working pick) | H4: Notes
A5: Leg 1 | B5: Côte d'Ivoire | C5: Confirmed — opens tour | D5: =DATE(2026,12,26) | E5: =Assumptions!B12 | F5: =D5+E5-1 | G5: Sofitel Abidjan Hotel Ivoire | H5: Mother Africa Festival (27-28 Dec, Marcory Zone 4) overlaps this leg.
A6: Leg 2 | B6: Ghana | C6: Confirmed | D6: =F5+1 | E6: =Assumptions!B13 | F6: =D6+E6-1 | G6: Kempinski Hotel Gold Coast City, Accra | H6: Rapperholic 2026 (31 Dec) and the AfroFuture Festival tail-end fall inside this window.
A7: Leg 3 | B7: Benin | C7: Unconfirmed — pending sign-off | D7: =F6+1 | E7: =Assumptions!B15 | F7: =D7+E7-1 | G7: Golden Tulip Le Diplomate, Cotonou | H7: WeLovEya Festival (26-27 Dec) will already be over by these dates — no overlap if the leg lands here.
A8: Leg 4 | B8: Nigeria | C8: Confirmed — closes tour | D8: =F7+1 | E8: =Assumptions!B14 | F8: =D8+E8-1 | G8: Eko Hotel & Suites, Lagos | H8: Detty December Fest (Lagos) runs 18-30 Dec — it ends before this leg begins. Route order may need rethinking if attending it matters.
A10: If Benin is cut: Nigeria's leg shifts forward by Benin's night count, and the 3-leg total in Budget Summary applies instead of the 4-leg total.

Sheet Budget Summary
A1: BUDGET SUMMARY — estimate, not a quote
A2: Every figure here is a formula pulling from Assumptions / People. Change an assumption and this whole sheet recalculates.
A4: Category | B4: Côte d'Ivoire | C4: Ghana | D4: Nigeria | E4: Benin (optional) | F4: Total — 3 confirmed legs | G4: Total — with Benin
A5: Nights | B5: =Assumptions!B12 | C5: =Assumptions!B13 | D5: =Assumptions!B14 | E5: =Assumptions!B15 | F5: =SUM(B5:D5) | G5: =SUM(B5:E5)
A6: Rooms needed | B6: =Assumptions!$B$9 | C6: =Assumptions!$B$9 | D6: =Assumptions!$B$9 | E6: =Assumptions!$B$9
A7: Accommodation | B7: =B5*B6*Assumptions!$B$20 | C7: =C5*C6*Assumptions!$B$21 | D7: =D5*D6*Assumptions!$B$22 | E7: =E5*E6*Assumptions!$B$23 | F7: =SUM(B7:D7) | G7: =SUM(B7:E7)
A8: Ground transport | B8: =Assumptions!$B$27*Assumptions!$B$28*B5 | C8: =Assumptions!$B$27*Assumptions!$B$28*C5 | D8: =Assumptions!$B$27*Assumptions!$B$28*D5 | E8: =Assumptions!$B$27*Assumptions!$B$28*E5 | F8: =SUM(B8:D8) | G8: =SUM(B8:E8)
A9: Per diem / incidentals | B9: =Assumptions!$B$8*Assumptions!$B$32*B5 | C9: =Assumptions!$B$8*Assumptions!$B$32*C5 | D9: =Assumptions!$B$8*Assumptions!$B$32*D5 | E9: =Assumptions!$B$8*Assumptions!$B$32*E5 | F9: =SUM(B9:D9) | G9: =SUM(B9:E9)
A10: Intra-region flight into this leg | B10: 0 | C10: =Assumptions!$B$8*Assumptions!$B$33 | D10: =Assumptions!$B$8*Assumptions!$B$33 | E10: =Assumptions!$B$8*Assumptions!$B$33 | F10: =SUM(B10:D10) | G10: =SUM(B10:E10) | H10: ◄ Nigeria's hop is costed once whether it follows Ghana (3-leg) or Benin (4-leg).
A11: Leg subtotal | B11: =SUM(B7:B10) | C11: =SUM(C7:C10) | D11: =SUM(D7:D10) | E11: =SUM(E7:E10) | F11: =SUM(B11:D11) | G11: =SUM(B11:E11)
A13: One-time & flat costs
A14: International flights | F14: =Assumptions!$B$34*Assumptions!$B$35 | G14: =Assumptions!$B$34*Assumptions!$B$35
A15: Visas | F15: =Assumptions!$B$36*Assumptions!$B$37 | G15: =Assumptions!$B$36*Assumptions!$B$37
A16: Travel insurance | F16: =Assumptions!$B$38*Assumptions!$B$8 | G16: =Assumptions!$B$38*Assumptions!$B$8
A17: Production & hospitality (placeholder) | F17: =Assumptions!$B$42 | G17: =Assumptions!$B$42
A19: Subtotal before contingency | F19: =F11+F14+F15+F16+F17 | G19: =G11+G14+G15+G16+G17
A20: Contingency | F20: =F19*Assumptions!$B$44 | G20: =G19*Assumptions!$B$44
A21: GRAND TOTAL | F21: =F19+F20 | G21: =G19+G20
A22: Cost per traveler | F22: =F21/Assumptions!$B$8 | G22: =G21/Assumptions!$B$8

Sheet Sponsors & Contacts
A1: SPONSORS & ON-GROUND CONTACTS
A2: Grey 'TBC' cells are for the team to fill in as relationships firm up — nothing here is a confirmed deal or a live contact.
A4: Name | B4: Category | C4: Scope | D4: Status | E4: Contact name | F4: Contact email / phone | G4: Notes
A5: Sublime Côte d'Ivoire | B5: Tourism campaign | C5: Côte d'Ivoire | D5: Target | E5: TBC | F5: TBC | G5: Real precedent: has sponsored OM and Stade Français.
A6: Ministry of Tourism, Ghana | B6: Government | C6: Ghana | D6: Target | E6: TBC | F6: TBC
A7: Lagos State Ministry of Tourism, Arts & Culture | B7: Government | C7: Nigeria | D7: Target | E7: TBC | F7: TBC | G7: Real precedent: already backs Detty December programming.
A8: ANPT / Bénin Révélé | B8: Government tourism body | C8: Benin | D8: Target — only if Benin confirmed | E8: TBC | F8: TBC
A9: Mother Africa Festival | B9: Festival partner | C9: Côte d'Ivoire | D9: Olivia Yacé already publicly linked | E9: TBC | F9: TBC | G9: Roster flags this as needing affiliation verification.
A10: WeLovEya Festival | B10: Festival partner | C10: Benin | D10: Target | E10: TBC | F10: TBC | G10: Brief's 'Welovya' may be the same entity, spelled differently — confirm before outreach.
A11: Pandora | B11: Jewelry (global) | C11: Global | D11: Target via Sheynnis Palacios | E11: TBC | F11: TBC | G11: Strongest verified brand precedent in the roster.
A12: Festina | B12: Watches (global) | C12: Global | D12: Target via Angélique Angarni-Filopon / Alicia Aylies | E12: TBC | F12: TBC
A13: Sofitel / Accor | B13: Hospitality (global) | C13: Côte d'Ivoire, Benin | D13: Target — hotel partnership | E13: TBC | F13: TBC | G13: Both working hotel picks in this budget are Accor-family properties.
A14: Kempinski | B14: Hospitality (global) | C14: Ghana | D14: Target — hotel partnership | E14: TBC | F14: TBC
A15: Air Côte d'Ivoire | B15: Regional airline | C15: Regional | D15: Target — intra-region flights | E15: TBC | F15: TBC | G15: Confirmed to operate all 4 target cities.
A17: On-the-ground logistics contacts (all TBC)
A18: Role | B18: City / country | D18: Status | E18: Contact name | F18: Contact email / phone | G18: Notes
A19: Local fixer / DMC | B19: Abidjan, Côte d'Ivoire | D19: TBC | E19: TBC | F19: TBC
A20: Local fixer / DMC | B20: Accra, Ghana | D20: TBC | E20: TBC | F20: TBC
A21: Local fixer / DMC | B21: Lagos, Nigeria | D21: TBC | E21: TBC | F21: TBC
A22: Local fixer / DMC | B22: Cotonou, Benin | D22: TBC | E22: TBC | F22: TBC
A23: Security lead (regional) | B23: All legs | D23: TBC | E23: TBC | F23: TBC
A24: Government liaison | B24: All legs | D24: TBC | E24: TBC | F24: TBC
